id,category,artwork,public_release,rounded
home,navigation,drawn-pilot,not-released,not-drawn
menu,navigation,drawn-pilot,not-released,not-drawn
more,navigation,drawn-pilot,not-released,not-drawn
search,navigation,drawn-pilot,not-released,not-drawn
grid,navigation,drawn-pilot,not-released,not-drawn
arrow-left,navigation,drawn-pilot,not-released,not-drawn
arrow-right,navigation,drawn-pilot,not-released,not-drawn
arrow-up,navigation,drawn-pilot,not-released,not-drawn
arrow-down,navigation,drawn-pilot,not-released,not-drawn
arrow-up-right,navigation,drawn-pilot,not-released,not-drawn
chevron-left,navigation,drawn-pilot,not-released,not-drawn
chevron-right,navigation,drawn-pilot,not-released,not-drawn
chevron-up,navigation,drawn-pilot,not-released,not-drawn
chevron-down,navigation,drawn-pilot,not-released,not-drawn
external-link,navigation,not-drawn,not-released,not-drawn
expand,navigation,not-drawn,not-released,not-drawn
collapse,navigation,not-drawn,not-released,not-drawn
sidebar,navigation,not-drawn,not-released,not-drawn
layout,navigation,not-drawn,not-released,not-drawn
compass,navigation,not-drawn,not-released,not-drawn
plus,actions,drawn-pilot,not-released,not-drawn
minus,actions,drawn-pilot,not-released,not-drawn
check,actions,drawn-pilot,not-released,not-drawn
close,actions,drawn-pilot,not-released,not-drawn
edit,actions,drawn-pilot,not-released,not-drawn
copy,actions,drawn-pilot,not-released,not-drawn
trash,actions,drawn-pilot,not-released,not-drawn
undo,actions,not-drawn,not-released,not-drawn
redo,actions,not-drawn,not-released,not-drawn
refresh,actions,drawn-pilot,not-released,not-drawn
filter,actions,drawn-pilot,not-released,not-drawn
sliders,actions,drawn-pilot,not-released,not-drawn
sort-ascending,actions,not-drawn,not-released,not-drawn
sort-descending,actions,not-drawn,not-released,not-drawn
upload,actions,drawn-pilot,not-released,not-drawn
download,actions,drawn-pilot,not-released,not-drawn
share,actions,not-drawn,not-released,not-drawn
save,actions,drawn-pilot,not-released,not-drawn
drag-handle,actions,not-drawn,not-released,not-drawn
move,actions,not-drawn,not-released,not-drawn
file,content,drawn-pilot,not-released,not-drawn
folder,content,drawn-pilot,not-released,not-drawn
folder-open,content,not-drawn,not-released,not-drawn
clipboard,content,not-drawn,not-released,not-drawn
archive,content,not-drawn,not-released,not-drawn
attachment,content,not-drawn,not-released,not-drawn
link,content,drawn-pilot,not-released,not-drawn
link-off,content,not-drawn,not-released,not-drawn
bookmark,content,drawn-pilot,not-released,not-drawn
star,content,drawn-pilot,not-released,not-drawn
calendar,content,drawn-pilot,not-released,not-drawn
clock,content,not-drawn,not-released,not-drawn
tag,content,not-drawn,not-released,not-drawn
image,content,not-drawn,not-released,not-drawn
file-plus,content,not-drawn,not-released,not-drawn
folder-plus,content,not-drawn,not-released,not-drawn
table,content,not-drawn,not-released,not-drawn
list,content,not-drawn,not-released,not-drawn
user,people-communication,drawn-pilot,not-released,not-drawn
users,people-communication,not-drawn,not-released,not-drawn
user-plus,people-communication,not-drawn,not-released,not-drawn
chat,people-communication,drawn-pilot,not-released,not-drawn
chat-dots,people-communication,not-drawn,not-released,not-drawn
mail,people-communication,not-drawn,not-released,not-drawn
inbox,people-communication,not-drawn,not-released,not-drawn
send,people-communication,not-drawn,not-released,not-drawn
bell,people-communication,drawn-pilot,not-released,not-drawn
bell-off,people-communication,not-drawn,not-released,not-drawn
phone,people-communication,not-drawn,not-released,not-drawn
video-call,people-communication,not-drawn,not-released,not-drawn
warning,status-security,drawn-pilot,not-released,not-drawn
info,status-security,drawn-pilot,not-released,not-drawn
help,status-security,drawn-pilot,not-released,not-drawn
check-circle,status-security,not-drawn,not-released,not-drawn
error-circle,status-security,not-drawn,not-released,not-drawn
lock,status-security,drawn-pilot,not-released,not-drawn
unlock,status-security,not-drawn,not-released,not-drawn
shield,status-security,drawn-pilot,not-released,not-drawn
shield-check,status-security,not-drawn,not-released,not-drawn
key,status-security,not-drawn,not-released,not-drawn
eye,status-security,not-drawn,not-released,not-drawn
eye-off,status-security,not-drawn,not-released,not-drawn
gear,system-data,drawn-pilot,not-released,not-drawn
terminal,system-data,drawn-pilot,not-released,not-drawn
branch,system-data,drawn-pilot,not-released,not-drawn
chart,system-data,drawn-pilot,not-released,not-drawn
chart-line,system-data,not-drawn,not-released,not-drawn
chart-pie,system-data,not-drawn,not-released,not-drawn
database,system-data,not-drawn,not-released,not-drawn
server,system-data,not-drawn,not-released,not-drawn
cloud,system-data,not-drawn,not-released,not-drawn
cloud-off,system-data,not-drawn,not-released,not-drawn
wifi,system-data,not-drawn,not-released,not-drawn
wifi-off,system-data,not-drawn,not-released,not-drawn
monitor,system-data,not-drawn,not-released,not-drawn
smartphone,system-data,not-drawn,not-released,not-drawn
globe,system-data,not-drawn,not-released,not-drawn
code,system-data,not-drawn,not-released,not-drawn
plug,system-data,not-drawn,not-released,not-drawn
power,system-data,not-drawn,not-released,not-drawn
play,media,drawn-pilot,not-released,not-drawn
pause,media,drawn-pilot,not-released,not-drawn
stop,media,not-drawn,not-released,not-drawn
skip-forward,media,not-drawn,not-released,not-drawn
skip-back,media,not-drawn,not-released,not-drawn
volume,media,not-drawn,not-released,not-drawn
volume-off,media,not-drawn,not-released,not-drawn
microphone,media,not-drawn,not-released,not-drawn
microphone-off,media,not-drawn,not-released,not-drawn
camera,media,not-drawn,not-released,not-drawn
focus,media,drawn-pilot,not-released,not-drawn
crop,media,not-drawn,not-released,not-drawn
shopping-cart,commerce-location,not-drawn,not-released,not-drawn
shopping-bag,commerce-location,not-drawn,not-released,not-drawn
credit-card,commerce-location,not-drawn,not-released,not-drawn
receipt,commerce-location,not-drawn,not-released,not-drawn
package,commerce-location,not-drawn,not-released,not-drawn
map,commerce-location,not-drawn,not-released,not-drawn
map-pin,commerce-location,not-drawn,not-released,not-drawn
location-arrow,commerce-location,not-drawn,not-released,not-drawn
